old_path	new_path
htmx/api/index__0d275230.md	docs/htmx-api-index__0d275230.md
htmx/attributes/hx-boost__b30737bd.md	docs/htmx-attributes-hx-boost__b30737bd.md
htmx/attributes/hx-boost__d6638722.md	docs/htmx-attributes-hx-boost__d6638722.md
htmx/attributes/hx-confirm__eb7a9963.md	docs/htmx-attributes-hx-confirm__eb7a9963.md
htmx/attributes/hx-delete__e5d100e3.md	docs/htmx-attributes-hx-delete__e5d100e3.md
htmx/attributes/hx-disable__3823a911.md	docs/htmx-attributes-hx-disable__3823a911.md
htmx/attributes/hx-disable__fc1f9e3c.md	docs/htmx-attributes-hx-disable__fc1f9e3c.md
htmx/attributes/hx-disabled-elt__d9629999.md	docs/htmx-attributes-hx-disabled-elt__d9629999.md
htmx/attributes/hx-disinherit__c0f0f88f.md	docs/htmx-attributes-hx-disinherit__c0f0f88f.md
htmx/attributes/hx-encoding__c2b553ff.md	docs/htmx-attributes-hx-encoding__c2b553ff.md
htmx/attributes/hx-ext__ba39d387.md	docs/htmx-attributes-hx-ext__ba39d387.md
htmx/attributes/hx-get__119edf64.md	docs/htmx-attributes-hx-get__119edf64.md
htmx/attributes/hx-headers__f078b009.md	docs/htmx-attributes-hx-headers__f078b009.md
htmx/attributes/hx-history-elt__e60b9488.md	docs/htmx-attributes-hx-history-elt__e60b9488.md
htmx/attributes/hx-history__7ac58dd0.md	docs/htmx-attributes-hx-history__7ac58dd0.md
htmx/attributes/hx-history__8f7d0a4a.md	docs/htmx-attributes-hx-history__8f7d0a4a.md
htmx/attributes/hx-include__6d3accb7.md	docs/htmx-attributes-hx-include__6d3accb7.md
htmx/attributes/hx-indicator__ab8294af.md	docs/htmx-attributes-hx-indicator__ab8294af.md
htmx/attributes/hx-inherit__3798a399.md	docs/htmx-attributes-hx-inherit__3798a399.md
htmx/attributes/hx-on__294777d1.md	docs/htmx-attributes-hx-on__294777d1.md
htmx/attributes/hx-on__fe9e4298.md	docs/htmx-attributes-hx-on__fe9e4298.md
htmx/attributes/hx-params__41c926a2.md	docs/htmx-attributes-hx-params__41c926a2.md
htmx/attributes/hx-params__b84a7ba5.md	docs/htmx-attributes-hx-params__b84a7ba5.md
htmx/attributes/hx-patch__223b661e.md	docs/htmx-attributes-hx-patch__223b661e.md
htmx/attributes/hx-post__650ebf90.md	docs/htmx-attributes-hx-post__650ebf90.md
htmx/attributes/hx-post__f1cf381d.md	docs/htmx-attributes-hx-post__f1cf381d.md
htmx/attributes/hx-preserve__ee20faa7.md	docs/htmx-attributes-hx-preserve__ee20faa7.md
htmx/attributes/hx-prompt__52b2c61a.md	docs/htmx-attributes-hx-prompt__52b2c61a.md
htmx/attributes/hx-push-url__ee3603fc.md	docs/htmx-attributes-hx-push-url__ee3603fc.md
htmx/attributes/hx-put__a9b831b1.md	docs/htmx-attributes-hx-put__a9b831b1.md
htmx/attributes/hx-replace-url__c1979717.md	docs/htmx-attributes-hx-replace-url__c1979717.md
htmx/attributes/hx-request__5cac3af3.md	docs/htmx-attributes-hx-request__5cac3af3.md
htmx/attributes/hx-select-oob__5b275e78.md	docs/htmx-attributes-hx-select-oob__5b275e78.md
htmx/attributes/hx-select__31e61cd0.md	docs/htmx-attributes-hx-select__31e61cd0.md
htmx/attributes/hx-sse__569ef3d5.md	docs/htmx-attributes-hx-sse__569ef3d5.md
htmx/attributes/hx-swap-oob__d2e95fa5.md	docs/htmx-attributes-hx-swap-oob__d2e95fa5.md
htmx/attributes/hx-swap__c02dbf6f.md	docs/htmx-attributes-hx-swap__c02dbf6f.md
htmx/attributes/hx-swap__e1e7f42f.md	docs/htmx-attributes-hx-swap__e1e7f42f.md
htmx/attributes/hx-sync__339efa84.md	docs/htmx-attributes-hx-sync__339efa84.md
htmx/attributes/hx-target__808eb473.md	docs/htmx-attributes-hx-target__808eb473.md
htmx/attributes/hx-target__97f92a50.md	docs/htmx-attributes-hx-target__97f92a50.md
htmx/attributes/hx-trigger__48e91b01.md	docs/htmx-attributes-hx-trigger__48e91b01.md
htmx/attributes/hx-trigger__8a68e7ab.md	docs/htmx-attributes-hx-trigger__8a68e7ab.md
htmx/attributes/hx-validate__8069e9ad.md	docs/htmx-attributes-hx-validate__8069e9ad.md
htmx/attributes/hx-vals__c05ceb2d.md	docs/htmx-attributes-hx-vals__c05ceb2d.md
htmx/attributes/hx-vars__ae3d7ba9.md	docs/htmx-attributes-hx-vars__ae3d7ba9.md
htmx/attributes/hx-ws__5f9f8840.md	docs/htmx-attributes-hx-ws__5f9f8840.md
htmx/attributes/index__05318e41.md	docs/htmx-attributes-index__05318e41.md
htmx/docs/index__b4e1397e.md	docs/htmx-docs-index__b4e1397e.md
htmx/docs/index__dadb0a55.md	docs/htmx-docs-index__dadb0a55.md
htmx/essays/10-tips-for-ssr-hda-apps__3447e3b5.md	docs/htmx-essays-10-tips-for-ssr-hda-apps__3447e3b5.md
htmx/essays/a-real-world-nextjs-to-htmx-port__49b1fe6e.md	docs/htmx-essays-a-real-world-nextjs-to-htmx-port__49b1fe6e.md
htmx/essays/a-real-world-react-to-htmx-port__11818234.md	docs/htmx-essays-a-real-world-react-to-htmx-port__11818234.md
htmx/essays/a-real-world-wasm-to-htmx-port__94fa4fe1.md	docs/htmx-essays-a-real-world-wasm-to-htmx-port__94fa4fe1.md
htmx/essays/a-response-to-rich-harris__7482baf8.md	docs/htmx-essays-a-response-to-rich-harris__7482baf8.md
htmx/essays/all__0c6baef1.md	docs/htmx-essays-all__0c6baef1.md
htmx/essays/all__6fa30179.md	docs/htmx-essays-all__6fa30179.md
htmx/essays/alternatives__14535d2c.md	docs/htmx-essays-alternatives__14535d2c.md
htmx/essays/another-real-world-react-to-htmx-port__2d758f4b.md	docs/htmx-essays-another-real-world-react-to-htmx-port__2d758f4b.md
htmx/essays/architectural-sympathy__f94056ea.md	docs/htmx-essays-architectural-sympathy__f94056ea.md
htmx/essays/codin-dirty__5601fd25.md	docs/htmx-essays-codin-dirty__5601fd25.md
htmx/essays/complexity-budget__2bb7c703.md	docs/htmx-essays-complexity-budget__2bb7c703.md
htmx/essays/does-hypermedia-scale__6f275aeb.md	docs/htmx-essays-does-hypermedia-scale__6f275aeb.md
htmx/essays/future__3f5b283b.md	docs/htmx-essays-future__3f5b283b.md
htmx/essays/hateoas__125daf81.md	docs/htmx-essays-hateoas__125daf81.md
htmx/essays/hateoas__599bc5eb.md	docs/htmx-essays-hateoas__599bc5eb.md
htmx/essays/how-did-rest-come-to-mean-the-opposite-of-rest__dfaa95c4.md	docs/htmx-essays-how-did-rest-come-to-mean-the-opposite-of-rest__dfaa95c4.md
htmx/essays/htmx-sucks__7aa3445c.md	docs/htmx-essays-htmx-sucks__7aa3445c.md
htmx/essays/hypermedia-apis-vs-data-apis__27e46e4f.md	docs/htmx-essays-hypermedia-apis-vs-data-apis__27e46e4f.md
htmx/essays/hypermedia-clients__1a7a691d.md	docs/htmx-essays-hypermedia-clients__1a7a691d.md
htmx/essays/hypermedia-driven-applications__8d423075.md	docs/htmx-essays-hypermedia-driven-applications__8d423075.md
htmx/essays/hypermedia-driven-applications__b9fd94b2.md	docs/htmx-essays-hypermedia-driven-applications__b9fd94b2.md
htmx/essays/hypermedia-friendly-scripting__20a5679a.md	docs/htmx-essays-hypermedia-friendly-scripting__20a5679a.md
htmx/essays/hypermedia-friendly-scripting__8094fb63.md	docs/htmx-essays-hypermedia-friendly-scripting__8094fb63.md
htmx/essays/hypermedia-on-whatever-youd-like__e6374c5d.md	docs/htmx-essays-hypermedia-on-whatever-youd-like__e6374c5d.md
htmx/essays/index__5ca2e5f2.md	docs/htmx-essays-index__5ca2e5f2.md
htmx/essays/index__f350c767.md	docs/htmx-essays-index__f350c767.md
htmx/essays/interviews-chris-wanstrath__d162c3ad.md	docs/htmx-essays-interviews-chris-wanstrath__d162c3ad.md
htmx/essays/interviews-henning-koch__82ab04e0.md	docs/htmx-essays-interviews-henning-koch__82ab04e0.md
htmx/essays/interviews-leonard-richardson__3eb42756.md	docs/htmx-essays-interviews-leonard-richardson__3eb42756.md
htmx/essays/interviews-makinde-adeagbo__e8bd9c34.md	docs/htmx-essays-interviews-makinde-adeagbo__e8bd9c34.md
htmx/essays/interviews-mike-amundsen__78374e32.md	docs/htmx-essays-interviews-mike-amundsen__78374e32.md
htmx/essays/is-htmx-another-javascript-framework__76953e6f.md	docs/htmx-essays-is-htmx-another-javascript-framework__76953e6f.md
htmx/essays/locality-of-behaviour__8578e7d6.md	docs/htmx-essays-locality-of-behaviour__8578e7d6.md
htmx/essays/locality-of-behaviour__95e6fdab.md	docs/htmx-essays-locality-of-behaviour__95e6fdab.md
htmx/essays/lore__a44a7351.md	docs/htmx-essays-lore__a44a7351.md
htmx/essays/mvc__d44eef0b.md	docs/htmx-essays-mvc__d44eef0b.md
htmx/essays/no-build-step__e1bc7159.md	docs/htmx-essays-no-build-step__e1bc7159.md
htmx/essays/paris-2024-olympics-htmx-network-automation__e832ae3d.md	docs/htmx-essays-paris-2024-olympics-htmx-network-automation__e832ae3d.md
htmx/essays/prefer-if-statements__e454f9f1.md	docs/htmx-essays-prefer-if-statements__e454f9f1.md
htmx/essays/rest-copypasta__671b04b8.md	docs/htmx-essays-rest-copypasta__671b04b8.md
htmx/essays/rest-explained__15f929cc.md	docs/htmx-essays-rest-explained__15f929cc.md
htmx/essays/right-click-view-source__3111e446.md	docs/htmx-essays-right-click-view-source__3111e446.md
htmx/essays/spa-alternative__2378cbc5.md	docs/htmx-essays-spa-alternative__2378cbc5.md
htmx/essays/splitting-your-apis__d02c2a9a.md	docs/htmx-essays-splitting-your-apis__d02c2a9a.md
htmx/essays/template-fragments__37893464.md	docs/htmx-essays-template-fragments__37893464.md
htmx/essays/the-fetchening__34a9a060.md	docs/htmx-essays-the-fetchening__34a9a060.md
htmx/essays/two-approaches-to-decoupling__53955897.md	docs/htmx-essays-two-approaches-to-decoupling__53955897.md
htmx/essays/vendoring__b8ede60b.md	docs/htmx-essays-vendoring__b8ede60b.md
htmx/essays/view-transitions__a0f59cb7.md	docs/htmx-essays-view-transitions__a0f59cb7.md
htmx/essays/web-security-basics-with-htmx__181a255f.md	docs/htmx-essays-web-security-basics-with-htmx__181a255f.md
htmx/essays/webcomponents-work-great__d8b58aa9.md	docs/htmx-essays-webcomponents-work-great__d8b58aa9.md
htmx/essays/when-to-use-hypermedia__7b95ad50.md	docs/htmx-essays-when-to-use-hypermedia__7b95ad50.md
htmx/essays/why-gumroad-didnt-choose-htmx__7128c0fb.md	docs/htmx-essays-why-gumroad-didnt-choose-htmx__7128c0fb.md
htmx/essays/why-tend-not-to-use-content-negotiation__0e760284.md	docs/htmx-essays-why-tend-not-to-use-content-negotiation__0e760284.md
htmx/essays/you-cant__1b1b07f4.md	docs/htmx-essays-you-cant__1b1b07f4.md
htmx/events/index__1f6576d0.md	docs/htmx-events-index__1f6576d0.md
htmx/events/index__25e86e98.md	docs/htmx-events-index__25e86e98.md
htmx/examples/active-search__422b75bb.md	docs/htmx-examples-active-search__422b75bb.md
htmx/examples/animations__a91fb047.md	docs/htmx-examples-animations__a91fb047.md
htmx/examples/animations__d7230534.md	docs/htmx-examples-animations__d7230534.md
htmx/examples/async-auth__1de4079c.md	docs/htmx-examples-async-auth__1de4079c.md
htmx/examples/bulk-update__3c29c5fd.md	docs/htmx-examples-bulk-update__3c29c5fd.md
htmx/examples/click-to-edit__2f9cf17e.md	docs/htmx-examples-click-to-edit__2f9cf17e.md
htmx/examples/click-to-load__24956e8c.md	docs/htmx-examples-click-to-load__24956e8c.md
htmx/examples/confirm__f83505b8.md	docs/htmx-examples-confirm__f83505b8.md
htmx/examples/delete-row__efa47bd9.md	docs/htmx-examples-delete-row__efa47bd9.md
htmx/examples/dialogs__2197f63a.md	docs/htmx-examples-dialogs__2197f63a.md
htmx/examples/edit-row__22990554.md	docs/htmx-examples-edit-row__22990554.md
htmx/examples/file-upload-input__8136a118.md	docs/htmx-examples-file-upload-input__8136a118.md
htmx/examples/file-upload__64a6da72.md	docs/htmx-examples-file-upload__64a6da72.md
htmx/examples/index__1e401a50.md	docs/htmx-examples-index__1e401a50.md
htmx/examples/index__69633fd4.md	docs/htmx-examples-index__69633fd4.md
htmx/examples/infinite-scroll__18924801.md	docs/htmx-examples-infinite-scroll__18924801.md
htmx/examples/inline-validation__8be1398c.md	docs/htmx-examples-inline-validation__8be1398c.md
htmx/examples/keyboard-shortcuts__03dbe363.md	docs/htmx-examples-keyboard-shortcuts__03dbe363.md
htmx/examples/lazy-load__31e239c4.md	docs/htmx-examples-lazy-load__31e239c4.md
htmx/examples/modal-bootstrap__2052d5c2.md	docs/htmx-examples-modal-bootstrap__2052d5c2.md
htmx/examples/modal-custom__4a481ad7.md	docs/htmx-examples-modal-custom__4a481ad7.md
htmx/examples/modal-uikit__91236b72.md	docs/htmx-examples-modal-uikit__91236b72.md
htmx/examples/move-before-details__7c979774.md	docs/htmx-examples-move-before-details__7c979774.md
htmx/examples/move-before__66037075.md	docs/htmx-examples-move-before__66037075.md
htmx/examples/move-before__6cabe356.md	docs/htmx-examples-move-before__6cabe356.md
htmx/examples/progress-bar__5f6e9d59.md	docs/htmx-examples-progress-bar__5f6e9d59.md
htmx/examples/reset-user-input__98789463.md	docs/htmx-examples-reset-user-input__98789463.md
htmx/examples/sortable__9ab69d26.md	docs/htmx-examples-sortable__9ab69d26.md
htmx/examples/tabs-hateoas__b79208cb.md	docs/htmx-examples-tabs-hateoas__b79208cb.md
htmx/examples/tabs-javascript__60257bda.md	docs/htmx-examples-tabs-javascript__60257bda.md
htmx/examples/update-other-content__3bdfa1fd.md	docs/htmx-examples-update-other-content__3bdfa1fd.md
htmx/examples/value-select__58ca8dc5.md	docs/htmx-examples-value-select__58ca8dc5.md
htmx/examples/web-components__edf35d3d.md	docs/htmx-examples-web-components__edf35d3d.md
htmx/extensions/building__5ab5250d.md	docs/htmx-extensions-building__5ab5250d.md
htmx/extensions/building__a6cd095c.md	docs/htmx-extensions-building__a6cd095c.md
htmx/extensions/head-support__3f95f077.md	docs/htmx-extensions-head-support__3f95f077.md
htmx/extensions/head-support__8b636e38.md	docs/htmx-extensions-head-support__8b636e38.md
htmx/extensions/htmx-1-compat__0bbe697d.md	docs/htmx-extensions-htmx-1-compat__0bbe697d.md
htmx/extensions/htmx-1-compat__42b7bb50.md	docs/htmx-extensions-htmx-1-compat__42b7bb50.md
htmx/extensions/idiomorph-attributes-hx-swap__ef157a9f.md	docs/htmx-extensions-idiomorph-attributes-hx-swap__ef157a9f.md
htmx/extensions/idiomorph__0e4b185b.md	docs/htmx-extensions-idiomorph__0e4b185b.md
htmx/extensions/idiomorph__db86b18c.md	docs/htmx-extensions-idiomorph__db86b18c.md
htmx/extensions/index__6d02a6d8.md	docs/htmx-extensions-index__6d02a6d8.md
htmx/extensions/index__a2ba7af1.md	docs/htmx-extensions-index__a2ba7af1.md
htmx/extensions/preload__5997ff99.md	docs/htmx-extensions-preload__5997ff99.md
htmx/extensions/preload__b444d45e.md	docs/htmx-extensions-preload__b444d45e.md
htmx/extensions/response-targets__58b6dde9.md	docs/htmx-extensions-response-targets__58b6dde9.md
htmx/extensions/response-targets__a11ef613.md	docs/htmx-extensions-response-targets__a11ef613.md
htmx/extensions/sse__6b564a68.md	docs/htmx-extensions-sse__6b564a68.md
htmx/extensions/sse__7beb7058.md	docs/htmx-extensions-sse__7beb7058.md
htmx/extensions/ws__1247f67e.md	docs/htmx-extensions-ws__1247f67e.md
htmx/extensions/ws__7b11dde6.md	docs/htmx-extensions-ws__7b11dde6.md
htmx/headers/hx-location__ce2b9508.md	docs/htmx-headers-hx-location__ce2b9508.md
htmx/headers/hx-push-url__2dcef3eb.md	docs/htmx-headers-hx-push-url__2dcef3eb.md
htmx/headers/hx-redirect__75efc359.md	docs/htmx-headers-hx-redirect__75efc359.md
htmx/headers/hx-replace-url__b54afe62.md	docs/htmx-headers-hx-replace-url__b54afe62.md
htmx/headers/hx-trigger__a868119d.md	docs/htmx-headers-hx-trigger__a868119d.md
htmx/headers/index__7298870b.md	docs/htmx-headers-index__7298870b.md
htmx/reference/index__777e94b6.md	docs/htmx-reference-index__777e94b6.md
htmx/reference/index__8949c2d3.md	docs/htmx-reference-index__8949c2d3.md
htmx/talk/index__60266895.md	docs/htmx-talk-index__60266895.md
github/fixi/blob-master-readme-md__d5234ffe.md	docs/github-fixi-blob-master-readme-md__d5234ffe.md
github/fixi/repo-home__630059cb.md	docs/github-fixi-repo-home__630059cb.md
github/htmx/blob-master-changelog-md__9ca3ff61.md	docs/github-htmx-blob-master-changelog-md__9ca3ff61.md
github/htmx/blob-master-contributing-md__574a0785.md	docs/github-htmx-blob-master-contributing-md__574a0785.md
github/htmx/blob-master-license__6f808473.md	docs/github-htmx-blob-master-license__6f808473.md
github/htmx/blob-master-readme-md__6361b3d4.md	docs/github-htmx-blob-master-readme-md__6361b3d4.md
github/htmx/blob-master-security-md__11303513.md	docs/github-htmx-blob-master-security-md__11303513.md
github/htmx/blob-master-testing-md__15beddc1.md	docs/github-htmx-blob-master-testing-md__15beddc1.md
github/htmx/blob-master-www-content-extensions-index-md__e66284f4.md	docs/github-htmx-blob-master-www-content-extensions-index-md__e66284f4.md
github/htmx/repo-home__3a589c25.md	docs/github-htmx-repo-home__3a589c25.md
github/htmx/tree-master-www__29dd1e4b.md	docs/github-htmx-tree-master-www__29dd1e4b.md
github/htmx-extensions/blob-main-contributing-md__25905f5c.md	docs/github-htmx-extensions-blob-main-contributing-md__25905f5c.md
github/htmx-extensions/blob-main-readme-md__7d476335.md	docs/github-htmx-extensions-blob-main-readme-md__7d476335.md
github/htmx-extensions/blob-main-src-ajax-header-readme-md__94f9574f.md	docs/github-htmx-extensions-blob-main-src-ajax-header-readme-md__94f9574f.md
github/htmx-extensions/blob-main-src-alpine-morph-readme-md__f4f1ea64.md	docs/github-htmx-extensions-blob-main-src-alpine-morph-readme-md__f4f1ea64.md
github/htmx-extensions/blob-main-src-class-tools-readme-md__1b663f0e.md	docs/github-htmx-extensions-blob-main-src-class-tools-readme-md__1b663f0e.md
github/htmx-extensions/blob-main-src-client-side-templates-readme-md__5b11fc3f.md	docs/github-htmx-extensions-blob-main-src-client-side-templates-readme-md__5b11fc3f.md
github/htmx-extensions/blob-main-src-debug-readme-md__be7fa0db.md	docs/github-htmx-extensions-blob-main-src-debug-readme-md__be7fa0db.md
github/htmx-extensions/blob-main-src-disable-element-readme-md__70f031b8.md	docs/github-htmx-extensions-blob-main-src-disable-element-readme-md__70f031b8.md
github/htmx-extensions/blob-main-src-event-header-readme-md__f5dc5bc0.md	docs/github-htmx-extensions-blob-main-src-event-header-readme-md__f5dc5bc0.md
github/htmx-extensions/blob-main-src-include-vals-readme-md__b55b832b.md	docs/github-htmx-extensions-blob-main-src-include-vals-readme-md__b55b832b.md
github/htmx-extensions/blob-main-src-json-enc-readme-md__3d4ac120.md	docs/github-htmx-extensions-blob-main-src-json-enc-readme-md__3d4ac120.md
github/htmx-extensions/blob-main-src-loading-states-readme-md__10b3d646.md	docs/github-htmx-extensions-blob-main-src-loading-states-readme-md__10b3d646.md
github/htmx-extensions/blob-main-src-morphdom-swap-readme-md__a52712bc.md	docs/github-htmx-extensions-blob-main-src-morphdom-swap-readme-md__a52712bc.md
github/htmx-extensions/blob-main-src-multi-swap-readme-md__3339b44d.md	docs/github-htmx-extensions-blob-main-src-multi-swap-readme-md__3339b44d.md
github/htmx-extensions/blob-main-src-path-deps-readme-md__6e8a0b8d.md	docs/github-htmx-extensions-blob-main-src-path-deps-readme-md__6e8a0b8d.md
github/htmx-extensions/blob-main-src-path-params-readme-md__c42e7f81.md	docs/github-htmx-extensions-blob-main-src-path-params-readme-md__c42e7f81.md
github/htmx-extensions/blob-main-src-remove-me-readme-md__e3acfc48.md	docs/github-htmx-extensions-blob-main-src-remove-me-readme-md__e3acfc48.md
github/htmx-extensions/blob-main-src-restored-readme-md__44efeceb.md	docs/github-htmx-extensions-blob-main-src-restored-readme-md__44efeceb.md
github/htmx-extensions/blob-main-src-sse-readme-md__3edca80d.md	docs/github-htmx-extensions-blob-main-src-sse-readme-md__3edca80d.md
github/htmx-extensions/blob-main-src-ws-readme-md__db1b9c9a.md	docs/github-htmx-extensions-blob-main-src-ws-readme-md__db1b9c9a.md
github/htmx-extensions/repo-home__2b782ad1.md	docs/github-htmx-extensions-repo-home__2b782ad1.md
github/htmx-extensions/tree-main-www__6d73ff06.md	docs/github-htmx-extensions-tree-main-www__6d73ff06.md
github/hypermedia-systems-book/blob-main-license-txt__e66cc43f.md	docs/github-hypermedia-systems-book-blob-main-license-txt__e66cc43f.md
github/hypermedia-systems-book/repo-home__f8364d53.md	docs/github-hypermedia-systems-book-repo-home__f8364d53.md
github/hypermedia-systems-book/tree-main-www__22349566.md	docs/github-hypermedia-systems-book-tree-main-www__22349566.md
github/hyperscript/blob-master-license__acf3e96c.md	docs/github-hyperscript-blob-master-license__acf3e96c.md
github/hyperscript/blob-master-readme-md__dfdeb833.md	docs/github-hyperscript-blob-master-readme-md__dfdeb833.md
github/hyperscript/blob-master-todo-md__a45682e8.md	docs/github-hyperscript-blob-master-todo-md__a45682e8.md
github/hyperscript/repo-home__e71d21f0.md	docs/github-hyperscript-repo-home__e71d21f0.md
github/hyperscript/tree-dev-www__ef4884c5.md	docs/github-hyperscript-tree-dev-www__ef4884c5.md
github/hyperscript/tree-master-www__d095b633.md	docs/github-hyperscript-tree-master-www__d095b633.md
github/idiomorph/blob-main-changelog-md__117ebc2d.md	docs/github-idiomorph-blob-main-changelog-md__117ebc2d.md
github/idiomorph/blob-main-concept-md__5a33308a.md	docs/github-idiomorph-blob-main-concept-md__5a33308a.md
github/idiomorph/blob-main-license__943a3f65.md	docs/github-idiomorph-blob-main-license__943a3f65.md
github/idiomorph/blob-main-performance-md__4c4f4eec.md	docs/github-idiomorph-blob-main-performance-md__4c4f4eec.md
github/idiomorph/blob-main-readme-md__c3c5ca3e.md	docs/github-idiomorph-blob-main-readme-md__c3c5ca3e.md
github/idiomorph/blob-main-release-md__8b7ae2da.md	docs/github-idiomorph-blob-main-release-md__8b7ae2da.md
github/idiomorph/blob-main-roadmap-md__e81c0bf2.md	docs/github-idiomorph-blob-main-roadmap-md__e81c0bf2.md
github/idiomorph/blob-main-testing-md__af0ba3db.md	docs/github-idiomorph-blob-main-testing-md__af0ba3db.md
github/idiomorph/repo-home__003091ec.md	docs/github-idiomorph-repo-home__003091ec.md
github/idiomorph/repo-home__d2ff67c1.md	docs/github-idiomorph-repo-home__d2ff67c1.md
github/intercooler-js/blob-master-license__195f6279.md	docs/github-intercooler-js-blob-master-license__195f6279.md
github/intercooler-js/blob-master-readme-md__8d445f9c.md	docs/github-intercooler-js-blob-master-readme-md__8d445f9c.md
github/intercooler-js/blob-master-release-checklist-md__cb656c9e.md	docs/github-intercooler-js-blob-master-release-checklist-md__cb656c9e.md
github/intercooler-js/repo-home__8ab238ef.md	docs/github-intercooler-js-repo-home__8ab238ef.md
github/intercooler-js/tree-master-www__c38cdc12.md	docs/github-intercooler-js-tree-master-www__c38cdc12.md
github/intercooler-js/wiki-home__1ca48046.md	docs/github-intercooler-js-wiki-home__1ca48046.md
github/missing/blob-dev-changelog-md__1c166ac7.md	docs/github-missing-blob-dev-changelog-md__1c166ac7.md
github/missing/blob-dev-contributing-md__da09dcdb.md	docs/github-missing-blob-dev-contributing-md__da09dcdb.md
github/missing/blob-dev-journal-md__7aee4ce4.md	docs/github-missing-blob-dev-journal-md__7aee4ce4.md
github/missing/blob-dev-license__be8b82f3.md	docs/github-missing-blob-dev-license__be8b82f3.md
github/missing/blob-dev-readme-md__50968280.md	docs/github-missing-blob-dev-readme-md__50968280.md
github/missing/repo-home__5c7552b4.md	docs/github-missing-repo-home__5c7552b4.md
github/missing/tree-dev-www__c1dd5b3e.md	docs/github-missing-tree-dev-www__c1dd5b3e.md
rfc/rfc9110-http-semantics__b1b13a12.md	docs/rfc-rfc9110-http-semantics__b1b13a12.md
rfc/rfc9110-http-semantics__e593c606.md	docs/rfc-rfc9110-http-semantics__e593c606.md
rfc/rfc9113-http2__19b1c63f.md	docs/rfc-rfc9113-http2__19b1c63f.md
rfc/rfc9114-http3__779be9a2.md	docs/rfc-rfc9114-http3__779be9a2.md
